{
  "0": [
    [
      10,
      0.6,
      0.0020430400435848543
    ],
    [
      100,
      0.64,
      0.12038241961212325
    ],
    [
      500,
      0.622,
      0.058658607585824536
    ],
    [
      509,
      0.6208251473477406,
      0.05841546678672802
    ]
  ],
  "1": [
    [
      10,
      0.6,
      0.002451648052301825
    ],
    [
      100,
      0.64,
      0.12038941594604427
    ],
    [
      500,
      0.622,
      0.05867502547930777
    ],
    [
      509,
      0.6208251473477406,
      0.05843181592380799
    ]
  ],
  "2": [
    [
      10,
      0.6,
      0.002179242713157178
    ],
    [
      100,
      0.64,
      0.12037192511124171
    ],
    [
      500,
      0.622,
      0.05869523211744098
    ],
    [
      509,
      0.6208251473477406,
      0.05845068031274642
    ]
  ],
  "3": [
    [
      10,
      0.6,
      0.0019068373740125306
    ],
    [
      100,
      0.64,
      0.12054333529230683
    ],
    [
      500,
      0.622,
      0.05869902086209096
    ],
    [
      509,
      0.6208251473477406,
      0.0584544531905341
    ]
  ],
  "4": [
    [
      10,
      0.6,
      0.002451648052301825
    ],
    [
      100,
      0.64,
      0.12040340861388632
    ],
    [
      500,
      0.622,
      0.05872680498952412
    ],
    [
      509,
      0.6208251473477406,
      0.05848212096097712
    ]
  ]
}