{
  "0": [
    [
      10,
      0.0,
      0.0
    ],
    [
      100,
      0.13,
      0.008789244348441399
    ],
    [
      500,
      0.126,
      0.007593347976153122
    ],
    [
      1000,
      0.12,
      0.00778317950163226
    ]
  ],
  "1": [
    [
      10,
      0.0,
      0.0
    ],
    [
      100,
      0.13,
      0.008752001787642918
    ],
    [
      500,
      0.126,
      0.007503698059079296
    ],
    [
      1000,
      0.12,
      0.007656356419831372
    ]
  ],
  "2": [
    [
      10,
      0.0,
      0.0013869625520110957
    ],
    [
      100,
      0.13,
      0.008677516666045958
    ],
    [
      500,
      0.126,
      0.0074140481420054685
    ],
    [
      1000,
      0.12,
      0.007614082059231076
    ]
  ],
  "3": [
    [
      10,
      0.0,
      0.0
    ],
    [
      100,
      0.13,
      0.008714759226844438
    ],
    [
      500,
      0.126,
      0.007440943117127617
    ],
    [
      1000,
      0.12,
      0.007651659268653562
    ]
  ],
  "4": [
    [
      10,
      0.0,
      0.0
    ],
    [
      100,
      0.13,
      0.008416818740456593
    ],
    [
      500,
      0.126,
      0.007467838092249764
    ],
    [
      1000,
      0.12,
      0.007679842175720425
    ]
  ]
}