{
  "0": [
    [
      10,
      1.0,
      0.10728448421245368
    ],
    [
      40,
      1.0,
      0.07722044844952373
    ],
    [
      40,
      1.0,
      0.07722044844952373
    ],
    [
      40,
      1.0,
      0.07722044844952373
    ]
  ],
  "1": [
    [
      10,
      1.0,
      0.10729653025725533
    ],
    [
      40,
      1.0,
      0.07721381752354807
    ],
    [
      40,
      1.0,
      0.07721381752354807
    ],
    [
      40,
      1.0,
      0.07721381752354807
    ]
  ],
  "2": [
    [
      10,
      1.0,
      0.10726521054077104
    ],
    [
      40,
      1.0,
      0.0771591123842489
    ],
    [
      40,
      1.0,
      0.0771591123842489
    ],
    [
      40,
      1.0,
      0.0771591123842489
    ]
  ],
  "3": [
    [
      10,
      1.0,
      0.10730375788413632
    ],
    [
      40,
      1.0,
      0.07722707937549939
    ],
    [
      40,
      1.0,
      0.07722707937549939
    ],
    [
      40,
      1.0,
      0.07722707937549939
    ]
  ],
  "4": [
    [
      10,
      1.0,
      0.10728448421245368
    ],
    [
      40,
      1.0,
      0.07726520719985942
    ],
    [
      40,
      1.0,
      0.07726520719985942
    ],
    [
      40,
      1.0,
      0.07726520719985942
    ]
  ]
}