{
  "0": [
    [
      10,
      0.1,
      0.0
    ],
    [
      100,
      0.12,
      0.001066272965879265
    ],
    [
      500,
      0.112,
      0.0127543332652843
    ],
    [
      1000,
      0.107,
      0.010111113975611643
    ]
  ],
  "1": [
    [
      10,
      0.1,
      0.0
    ],
    [
      100,
      0.12,
      0.0009022309711286089
    ],
    [
      500,
      0.112,
      0.012783497137079918
    ],
    [
      1000,
      0.107,
      0.010085333470829358
    ]
  ],
  "2": [
    [
      10,
      0.1,
      0.0
    ],
    [
      100,
      0.12,
      0.000984251968503937
    ],
    [
      500,
      0.112,
      0.012764054555882838
    ],
    [
      1000,
      0.107,
      0.010090489571785816
    ]
  ],
  "3": [
    [
      10,
      0.1,
      0.0
    ],
    [
      100,
      0.12,
      0.0011482939632545932
    ],
    [
      500,
      0.112,
      0.012822382299474078
    ],
    [
      1000,
      0.107,
      0.010085333470829358
    ]
  ],
  "4": [
    [
      10,
      0.1,
      0.0
    ],
    [
      100,
      0.12,
      0.001066272965879265
    ],
    [
      500,
      0.112,
      0.013045971983240494
    ],
    [
      1000,
      0.107,
      0.010219392095697234
    ]
  ]
}