{
  "0": [
    [
      10,
      0.7,
      0.002445414847161572
    ],
    [
      100,
      0.6,
      0.013903468148605536
    ],
    [
      500,
      0.614,
      0.059580771871144904
    ],
    [
      509,
      0.6129666011787819,
      0.05847364418550571
    ]
  ],
  "1": [
    [
      10,
      0.7,
      0.0026200873362445414
    ],
    [
      100,
      0.6,
      0.014088710507358238
    ],
    [
      500,
      0.614,
      0.05961690332770715
    ],
    [
      509,
      0.6129666011787819,
      0.05850381180433785
    ]
  ],
  "2": [
    [
      10,
      0.7,
      0.002532751091703057
    ],
    [
      100,
      0.6,
      0.013769682000617475
    ],
    [
      500,
      0.614,
      0.059544640414582656
    ],
    [
      509,
      0.6129666011787819,
      0.058451018471381615
    ]
  ],
  "3": [
    [
      10,
      0.7,
      0.0027947598253275107
    ],
    [
      100,
      0.6,
      0.013975506843676032
    ],
    [
      500,
      0.614,
      0.05960787046356659
    ],
    [
      509,
      0.6129666011787819,
      0.058512610693163894
    ]
  ],
  "4": [
    [
      10,
      0.7,
      0.0026200873362445414
    ],
    [
      100,
      0.6,
      0.014006380570134815
    ],
    [
      500,
      0.614,
      0.0596323882376624
    ],
    [
      509,
      0.6129666011787819,
      0.058520152597871924
    ]
  ]
}