{
  "0": [
    [
      10,
      1.0,
      0.10760365138456832
    ],
    [
      40,
      1.0,
      0.07648398043452326
    ],
    [
      40,
      1.0,
      0.07648398043452326
    ],
    [
      40,
      1.0,
      0.07648398043452326
    ]
  ],
  "1": [
    [
      10,
      1.0,
      0.10762793566608142
    ],
    [
      40,
      1.0,
      0.07651711979214995
    ],
    [
      40,
      1.0,
      0.07651711979214995
    ],
    [
      40,
      1.0,
      0.07651711979214995
    ]
  ],
  "2": [
    [
      10,
      1.0,
      0.10759879452826569
    ],
    [
      40,
      1.0,
      0.07652871856731928
    ],
    [
      40,
      1.0,
      0.07652871856731928
    ],
    [
      40,
      1.0,
      0.07652871856731928
    ]
  ],
  "3": [
    [
      10,
      1.0,
      0.10758665238750914
    ],
    [
      40,
      1.0,
      0.0765005501133366
    ],
    [
      40,
      1.0,
      0.0765005501133366
    ],
    [
      40,
      1.0,
      0.0765005501133366
    ]
  ],
  "4": [
    [
      10,
      1.0,
      0.1076449346631406
    ],
    [
      40,
      1.0,
      0.07648563740240459
    ],
    [
      40,
      1.0,
      0.07648563740240459
    ],
    [
      40,
      1.0,
      0.07648563740240459
    ]
  ]
}