{
  "0": [
    [
      10,
      0.0,
      0.0
    ],
    [
      100,
      0.1,
      0.007367160880375725
    ],
    [
      500,
      0.128,
      0.013388371398310839
    ],
    [
      1000,
      0.111,
      0.009428365415331819
    ]
  ],
  "1": [
    [
      10,
      0.0,
      0.0
    ],
    [
      100,
      0.1,
      0.007689474168892163
    ],
    [
      500,
      0.128,
      0.013456263748200853
    ],
    [
      1000,
      0.111,
      0.00947856484397105
    ]
  ],
  "2": [
    [
      10,
      0.0,
      0.0
    ],
    [
      100,
      0.1,
      0.007597384657887466
    ],
    [
      500,
      0.128,
      0.013517366863101865
    ],
    [
      1000,
      0.111,
      0.0094740012595493
    ]
  ],
  "3": [
    [
      10,
      0.0,
      0.0
    ],
    [
      100,
      0.1,
      0.007597384657887466
    ],
    [
      500,
      0.128,
      0.013551313038046874
    ],
    [
      1000,
      0.111,
      0.009442056168597062
    ]
  ],
  "4": [
    [
      10,
      0.0,
      0.0
    ],
    [
      100,
      0.1,
      0.007689474168892163
    ],
    [
      500,
      0.128,
      0.01339516063329984
    ],
    [
      1000,
      0.111,
      0.009364475233427344
    ]
  ]
}