{
  "0": [
    [
      10,
      0.7,
      0.0010620220900594733
    ],
    [
      100,
      0.69,
      0.03823873040599747
    ],
    [
      500,
      0.612,
      0.05905823571184077
    ],
    [
      509,
      0.6110019646365422,
      0.05826758576958933
    ]
  ],
  "1": [
    [
      10,
      0.7,
      0.001274426508071368
    ],
    [
      100,
      0.69,
      0.038263070781812875
    ],
    [
      500,
      0.612,
      0.059059512922820696
    ],
    [
      509,
      0.6110019646365422,
      0.05826632764366854
    ]
  ],
  "2": [
    [
      10,
      0.7,
      0.000637213254035684
    ],
    [
      100,
      0.69,
      0.03814136890273586
    ],
    [
      500,
      0.612,
      0.05902630543734259
    ],
    [
      509,
      0.6110019646365422,
      0.05823613262156956
    ]
  ],
  "3": [
    [
      10,
      0.7,
      0.0008496176720475786
    ],
    [
      100,
      0.69,
      0.038209521955018984
    ],
    [
      500,
      0.612,
      0.059002038428723966
    ],
    [
      509,
      0.6110019646365422,
      0.05819713071802504
    ]
  ],
  "4": [
    [
      10,
      0.7,
      0.000637213254035684
    ],
    [
      100,
      0.69,
      0.0382825430824652
    ],
    [
      500,
      0.612,
      0.0590084244836236
    ],
    [
      509,
      0.6110019646365422,
      0.05821600260683691
    ]
  ]
}