{
  "0": [
    [
      10,
      1.0,
      0.10714928512079844
    ],
    [
      40,
      1.0,
      0.07622869602966567
    ],
    [
      40,
      1.0,
      0.07622869602966567
    ],
    [
      40,
      1.0,
      0.07622869602966567
    ]
  ],
  "1": [
    [
      10,
      1.0,
      0.10714681959501274
    ],
    [
      40,
      1.0,
      0.07623366681799956
    ],
    [
      40,
      1.0,
      0.07623366681799956
    ],
    [
      40,
      1.0,
      0.07623366681799956
    ]
  ],
  "2": [
    [
      10,
      1.0,
      0.10711969881137001
    ],
    [
      40,
      1.0,
      0.07622869602966567
    ],
    [
      40,
      1.0,
      0.07622869602966567
    ],
    [
      40,
      1.0,
      0.07622869602966567
    ]
  ],
  "3": [
    [
      10,
      1.0,
      0.10715668169815554
    ],
    [
      40,
      1.0,
      0.07623366681799956
    ],
    [
      40,
      1.0,
      0.07623366681799956
    ],
    [
      40,
      1.0,
      0.07623366681799956
    ]
  ],
  "4": [
    [
      10,
      1.0,
      0.10719366458494106
    ],
    [
      40,
      1.0,
      0.07628337470133847
    ],
    [
      40,
      1.0,
      0.07628337470133847
    ],
    [
      40,
      1.0,
      0.07628337470133847
    ]
  ]
}